{"cameraMode":{"drawMode":0,"name":"Shaded","section":"Shading Mode"},"sceneLighting":false,"audioPlay":false,"sceneViewState":{"showFog":true,"showMaterialUpdate":false,"showSkybox":true,"showFlares":true,"showImageEffects":true,"showParticleSystems":true},"in2DMode":false,"pivot":{"x":-1.0900354385375977,"y":-1.9185333251953126,"z":1.88448965549469},"rotation":{"x":-0.2146918624639511,"y":0.6780551075935364,"z":-0.21780608594417573,"w":-0.6683631539344788},"size":10.708001136779786,"orthographic":false}